age,cnt_per_age,perc_of_count_total
90.0,8,1.574803149606299
75.0,7,1.3779527559055118
50.0,9,1.7716535433070866
